Number of Friends,Account Type,Number of Posts,Number of Likes,Number of Comments,Sentiment Score,Is Fake Profile,Account Age (Days),Days Since Last Active,Has Profile Picture,Processed Bio
49,0,31,423,161,-1,1,1657,654,0,animal forward appear candidate
3981,1,23,646,116,0,1,1029,227,1,base almost person second must class operation
4257,1,3,59,14,0,0,94,91,1,fast quickly exist able body civil thought
3912,1,39,6,68,0,0,170,40,0,throw light everybody
1851,0,16,844,427,1,0,187,183,0,listen gun commercial
2230,1,72,570,346,0,1,805,437,1,live practice value visit wear method stand fact
1973,1,81,654,254,-1,1,1117,948,1,modern care tree thank practice organization
4449,1,3,512,346,-1,0,397,98,1,choose agree short
1971,0,100,817,3,0,0,484,202,1,tonight capital argue last
4366,0,99,925,260,0,0,298,178,1,scene choose hotel director
1192,0,96,229,93,1,0,1412,1272,1,college grow special body us agency gun
1904,0,95,981,291,1,0,1732,182,1,beat much safe writer economy republican
762,0,1,283,260,1,1,446,173,0,deep month store might
4134,0,66,430,438,-1,1,1057,233,1,lose door center ball strategy open
4653,1,14,98,192,0,1,1397,1297,1,special realize detail street plan central
4500,0,59,838,154,0,1,528,382,1,anything often never yeah special property
531,0,4,35,119,0,1,1233,940,1,dinner wind charge open
2340,1,37,696,151,0,1,1406,128,1,simple expect character need
3679,1,64,149,389,0,1,778,99,0,subject start low
4224,1,31,877,99,-1,1,309,259,1,tree raise recognize especially
3159,0,16,290,452,1,1,1356,801,1,modern wonder maintain indicate
4460,1,36,419,360,-1,1,99,47,1,way position garden film difference
2125,0,75,20,86,0,1,75,68,0,day affect order approach evening medical
801,0,85,701,215,0,0,1122,520,0,size task yard usually southern performance type
2237,1,87,589,500,1,0,643,615,1,reality music career prepare continue
2806,1,79,154,48,1,0,754,144,1,forward part follow republican day suffer
2668,1,84,10,15,0,1,1424,1182,1,test worker small card free maybe garden
4079,1,17,731,117,-1,1,687,285,1,improve medical week car
1901,1,72,899,149,1,1,935,196,1,half amount military continue sea wait center
4980,1,38,861,304,-1,1,297,227,1,probably country idea
4412,0,67,76,142,0,0,622,447,0,decide billion arm
426,1,38,29,312,-1,0,1753,1587,1,need also mrs budget body
2371,1,71,406,385,1,0,1496,86,0,beat usually brother
2865,1,83,468,400,-1,0,507,181,1,hand share reduce
1069,1,75,244,307,-1,1,973,856,0,goal old wind official section top
4926,0,15,451,205,0,0,619,71,1,almost accept woman necessary great
3403,1,19,810,127,1,1,1217,884,1,oil staff action arrive
2863,1,92,578,42,1,0,930,350,1,answer bar
1676,1,54,644,468,-1,0,837,499,0,main physical gas near social
24,0,13,628,229,-1,1,1426,655,0,sit peace red
1446,0,52,815,341,1,0,1813,838,0,pull kid size front
1162,0,50,373,263,0,1,589,276,1,require sort personal live behind make
1890,1,66,889,251,-1,0,15,14,1,development leader couple drive film son
1077,0,56,182,54,-1,0,1602,283,1,address simple case child wrong suddenly scientist
1877,1,94,461,245,0,0,343,325,1,could wonder environment
2099,1,43,31,66,-1,1,1290,1028,1,difference media raise major
52,1,14,663,327,0,1,627,114,0,power military single today
4527,0,7,435,36,-1,0,1110,109,0,collection approach store cost
1688,1,11,470,412,1,1,97,26,1,range usually decide edge open statement
523,1,24,189,101,0,1,1328,248,1,local street view money sense us
2667,1,35,84,224,1,1,1159,705,1,compare firm ok anyone return point
4869,0,80,188,98,1,1,1364,1347,0,perhaps citizen deal visit class walk
2035,0,71,310,142,1,0,1351,941,1,soldier nation sister style trouble garden
3816,0,15,233,491,0,0,786,136,1,job simply six
3826,0,18,10,374,-1,0,176,152,1,bit able none interest end thing
2300,1,83,283,207,1,0,1696,715,0,marriage alone none
4306,1,84,524,411,-1,0,1709,188,1,room chair stuff
1196,0,31,97,442,-1,1,1526,507,0,understand sell black quickly year
3173,1,87,722,327,0,0,236,53,1,movie authority produce yes south wife pretty
4401,1,59,167,31,0,0,471,349,0,clear respond policy boy development
1540,1,27,331,434,1,0,379,201,1,must throughout level may force
4929,1,65,66,291,-1,1,1484,600,0,increase establish contain final
3336,1,53,458,255,1,0,1783,388,1,hair project spend around wind maintain wrong design
3140,0,1,214,47,0,0,191,101,1,hear challenge democratic fear industry stand
3391,1,74,103,419,0,1,414,387,1,democratic hard anything test
4957,0,32,890,224,0,1,739,713,0,relate finish
655,0,70,358,286,1,0,105,55,0,age bring note difficult claim
2260,0,70,205,150,1,0,1630,624,1,gun public mean management
1547,0,68,742,366,0,0,612,155,1,central performance give behavior become
3222,1,66,495,347,0,1,633,189,1,west help skill agent memory protect
1809,0,61,865,479,0,1,613,45,1,outside would full especially everyone already
596,0,91,578,267,1,1,709,231,1,employee music everyone throughout especially also
2864,0,67,643,255,0,0,1794,1506,1,health choice fast available become
2331,0,54,215,162,0,1,1347,501,1,television similar information difficult
1535,1,44,693,373,-1,1,836,671,0,treat long last actually entire administration
3228,1,67,611,352,0,1,1813,511,1,bring group mission close social group adult
3787,1,38,92,146,0,1,1467,835,0,task commercial democrat
3406,0,69,278,467,-1,0,1473,101,0,bill follow become nothing really effort
3395,0,96,239,47,1,0,1471,300,1,speak hundred vote wind radio
2537,1,50,91,38,0,0,356,248,1,reflect new skill rate
3022,0,86,669,185,0,0,51,26,1,age operation range want forget
577,1,100,326,399,0,1,46,41,0,trip billion usually real
4094,1,18,549,296,0,0,619,280,1,another clearly hold country
1168,0,1,608,234,1,0,79,64,1,top stage inside hard difficult race condition
3452,1,81,570,295,1,1,179,37,1,role send three parent
3985,0,96,350,144,1,0,250,51,1,kid training however position civil street role grow
4845,0,63,782,196,0,0,1738,1650,1,heart radio half court stock never
279,1,51,21,237,0,1,1444,1379,0,short painting
4210,0,72,950,254,1,0,390,18,1,beyond might treatment three
1185,0,26,425,343,0,0,276,90,1,modern mother town score imagine break top language
2471,0,79,986,436,0,0,1060,586,1,network record view
3826,1,53,439,90,-1,0,545,472,0,network worry must let
1257,0,15,831,8,0,1,669,121,0,newspaper member throw
3360,1,77,801,410,1,1,91,26,1,drop often prepare
960,1,18,219,260,-1,0,225,30,1,many design create cup
4023,0,24,350,93,-1,1,1785,804,0,sister different certain design
89,1,42,313,381,1,0,771,323,0,husband agent though let within better drive
4482,0,51,555,122,1,1,931,878,1,help issue site fill
820,0,23,68,345,-1,0,1781,1373,1,garden generation water window inside hair
306,1,82,767,476,-1,0,871,207,0,movement wait tv magazine mrs bed officer growth
3455,1,15,928,174,0,1,787,784,0,guy majority material keep property
4974,1,73,996,450,0,1,443,279,1,peace detail deep
1207,1,45,628,315,0,1,462,462,1,upon get candidate
2479,1,64,283,131,0,0,291,194,0,science field series change quality away present source
4452,1,51,38,463,0,1,176,176,0,thus require house
3715,0,43,695,73,0,1,816,451,1,high take buy maybe usually life maybe
1782,0,81,668,499,-1,1,1594,80,1,quite million decide quality list evening
3101,1,25,148,340,-1,1,621,247,0,evidence subject choice
669,0,20,509,183,0,1,216,68,1,special center lead machine line
1455,0,23,371,254,0,0,1329,1271,1,area friend partner
3073,1,16,312,124,1,1,285,219,1,store see medical old remain eye
1376,1,78,506,414,0,1,210,98,1,civil reveal draw live
3397,1,100,695,464,0,0,1549,840,1,senior carry already
2438,1,88,143,110,-1,1,642,402,1,action pressure listen
2030,0,14,209,353,0,0,289,198,0,plant region amount property attention future
987,0,29,445,28,1,1,131,13,1,responsibility action right range rule cost
2202,1,47,57,319,0,1,1567,722,0,reflect bank close play receive
353,0,69,849,215,1,1,1104,349,1,well doctor within simply democrat drug shoulder
1570,0,54,341,455,1,1,983,955,1,marriage something campaign cut
4933,0,65,771,498,0,0,343,153,1,hair father society couple economic
2681,1,69,627,450,0,1,1091,522,1,know scientist policy final network woman
1857,1,51,194,190,-1,1,341,227,0,play fine community animal
2108,1,25,664,278,0,1,920,360,0,rest future middle
4387,1,65,110,19,0,0,1571,865,1,seem day understand left
2771,0,7,288,193,1,1,219,165,1,network realize different
698,1,77,439,9,0,0,902,762,1,possible without short value pick
333,1,77,621,486,1,0,174,15,0,argue idea current break
3837,1,8,657,417,-1,1,959,576,0,ago along raise
1421,0,20,555,278,0,1,1370,241,1,face situation
1859,0,85,904,355,0,0,718,40,1,fire happy perhaps glass hundred course
2993,1,12,700,308,0,1,573,6,1,least fear toward edge age investment direction
1548,0,58,622,463,1,1,717,242,1,ever industry per build behavior
4545,1,9,179,95,0,0,417,67,0,expert eat strategy news production unit spend
939,1,22,722,381,1,1,464,50,1,gas agent open seat idea degree style
3555,1,53,851,399,-1,0,516,142,1,treat though somebody case black
3859,0,41,815,357,1,1,584,130,0,instead white
631,1,66,206,442,-1,1,861,219,0,beyond parent wife everyone
3746,1,27,806,160,1,0,1537,527,0,maybe hit unit join alone speech
3326,0,10,221,470,1,1,1418,495,1,outside bed reality parent even central
858,0,21,921,181,0,0,668,98,1,professional water easy election
2785,1,18,467,363,-1,0,1382,1191,1,history region recent daughter
378,0,88,322,32,1,0,922,710,1,officer common recently information day everyone wrong
245,1,59,742,251,-1,0,807,715,1,property strong chair tonight trouble word
696,0,80,7,12,0,1,1061,992,0,officer idea school seem first
3271,0,92,627,449,-1,1,719,195,0,outside plan stock
1085,1,68,503,29,1,0,1272,1239,1,history race among view community part brother
223,1,2,374,386,-1,0,146,90,1,eight learn certain line doctor
4902,1,7,42,251,1,1,768,688,1,develop reality arrive game six program build
4529,1,67,554,73,-1,0,320,210,1,speech play deal half glass mouth
4760,0,20,403,117,1,1,1815,1603,1,modern worker standard drive people company exist
3936,1,18,184,24,1,1,841,155,1,wait usually century agency likely difference stop college
2663,0,22,252,356,0,1,1551,81,1,activity change play yard fish avoid
405,1,37,485,469,0,0,1042,588,0,provide program call camera finally left
4200,0,5,870,489,-1,0,913,342,0,serve best bank little catch
3722,0,23,475,419,1,1,1609,1398,1,guy know speech generation treatment
3709,0,36,38,38,0,0,593,184,0,similar throw mouth mrs finish industry
949,0,42,461,120,1,1,999,195,1,part back pattern worker gas leader already
4794,1,33,646,121,-1,0,1416,940,1,nation street recognize
3585,0,46,891,166,1,0,1140,103,0,far month perform central
225,0,79,890,497,-1,1,159,17,1,term others hand
3759,0,29,116,116,-1,0,414,228,1,religious project hotel past concern already admit
2133,1,71,299,294,1,1,592,198,0,fact check spend officer
128,1,71,189,170,1,0,633,41,0,mission rich perhaps expert
91,1,25,215,431,1,1,1039,203,1,send carry maybe
2780,1,21,724,419,0,1,1201,1149,0,area remember life structure white
4255,0,6,265,284,1,0,1171,206,1,moment art act note base particularly important develop
242,1,55,989,437,-1,0,148,143,1,walk culture network white friend start
1242,0,8,349,456,1,1,1135,467,1,case color including also activity agency general wear
1198,1,95,991,298,-1,1,149,98,1,range first situation account course
945,1,18,309,163,0,1,691,562,1,environmental mouth consumer lay
1956,1,53,264,485,0,1,78,22,1,woman focus first attack
2322,0,21,88,151,-1,0,274,106,1,environment stay chair mention language democrat
441,1,55,353,216,-1,0,941,452,1,figure enter leave accept sense
3821,1,53,41,299,1,0,174,27,0,wear first stock arrive
498,1,10,206,493,-1,0,1415,1195,1,worry shake respond term approach two federal indeed
1345,1,73,168,67,-1,0,676,92,0,debate rich least sign lose possible black
644,0,12,46,90,0,1,593,408,1,race represent measure force hotel agree especially
4595,1,92,846,323,1,0,166,155,1,brother appear career professional
4261,0,25,153,496,-1,0,537,280,1,law table others
1751,0,87,815,28,1,0,422,173,0,teach true sea indeed never whether
4877,0,25,71,260,-1,0,1552,411,1,art course street financial entire
2342,0,1,725,243,0,1,1208,724,1,live direction evidence design significant theory soon writer
3058,1,32,339,331,-1,1,565,491,1,race attention management detail
1245,0,37,785,355,-1,0,1668,895,0,whose responsibility plant administration good
679,1,18,140,316,0,0,948,256,1,guy good water
2877,0,99,914,89,0,1,511,244,1,act full hotel always perform
4470,1,90,733,384,0,0,261,147,0,see decide beat agreement spend push
999,0,54,409,311,1,1,1157,520,1,industry opportunity bag water head
3190,0,94,528,289,0,1,1785,575,0,agent catch early situation pick
2288,1,65,448,160,1,1,974,326,1,help town go lay
1677,1,33,601,102,1,1,1122,589,1,approach decision
4943,0,41,200,469,0,1,510,205,1,issue ready debate garden consider
4210,0,1,607,492,-1,1,203,28,0,actually end teach worker
1827,0,83,103,241,0,0,699,622,1,within include federal important poor worry
4635,1,51,438,41,1,0,860,628,1,pay low born
4226,1,21,882,130,1,1,590,127,1,form degree impact party say
3501,0,27,794,308,1,1,1556,1090,1,investment look kitchen question fire art
4609,0,52,909,57,-1,0,317,100,1,total conference star
2480,0,75,178,46,1,1,364,271,0,list compare various
1064,1,18,746,478,1,1,1596,315,1,traditional sell paper next international race rather
1988,1,75,120,80,1,0,1223,432,1,yes future smile outside million rule throughout
1,1,95,402,199,0,0,316,112,1,picture election blue exist
1666,0,63,576,427,-1,0,443,104,0,air possible office set least wait
396,1,98,642,132,0,1,1476,621,0,doctor difficult reduce even
2452,0,81,905,381,0,0,996,433,1,woman school wind
103,0,68,7,147,1,0,159,136,1,simply bag hour budget
3571,1,73,256,364,1,1,1226,29,1,talk phone tough thought
1110,1,11,850,395,-1,1,631,198,1,bed later want owner
4161,0,4,814,267,1,1,1329,398,1,recently building
3078,0,73,516,293,-1,0,1647,1017,1,lose maintain require
2462,1,78,813,151,-1,1,844,58,1,trade particular rock take baby treatment deal
4048,1,79,263,436,1,1,1710,541,1,true moment actually style economic without
4672,1,98,241,296,1,0,1625,445,0,hit agency agreement yes foot ahead
4196,1,34,542,330,0,1,1304,860,1,edge risk exactly including daughter nature improve
4939,0,43,199,104,0,1,200,11,0,hundred mr order social key
4219,0,72,166,241,-1,1,675,599,0,player theory give
4060,1,15,179,41,-1,0,648,507,1,share form nothing born eight
2446,1,5,926,87,-1,1,1588,1142,0,forget dark establish hand
621,1,4,43,334,1,1,1240,1084,1,surface century chance machine become well turn
1608,1,95,165,304,0,0,481,194,1,prepare meet protect stay parent
841,0,10,629,185,-1,0,345,87,0,model watch since beautiful long daughter fill
853,1,36,114,92,0,0,1105,429,1,notice much ability throw
2184,0,55,994,395,0,1,724,646,1,general green
449,0,16,384,460,-1,1,924,731,1,read easy clearly beautiful change development
3544,1,74,862,275,1,0,1296,1024,0,apply face later peace ask
841,1,11,121,29,0,1,225,60,0,movie show speak drug
4971,1,33,81,143,0,1,754,642,1,likely attorney check fund member
4533,0,81,656,267,-1,1,611,416,1,drop alone
1804,1,21,295,478,1,0,343,76,1,civil budget suffer research
656,0,71,481,303,-1,0,1702,1220,1,assume occur laugh brother form
4395,1,34,130,223,1,1,808,413,1,language may ability
4489,1,93,667,183,0,0,295,143,1,statement bring international might
2460,1,74,290,82,1,0,1463,1233,1,grow foreign teach
833,0,83,951,119,1,1,199,7,1,strategy safe attack president require father see
3072,0,66,75,304,0,1,664,451,1,among assume strategy fall exactly water
191,1,31,764,76,1,1,833,372,1,character officer group recent art
1919,0,11,943,314,-1,0,1105,789,0,section public store floor
1276,1,50,824,467,1,0,523,452,1,real good question improve close edge collection quite
3368,0,82,661,345,0,0,509,261,1,save company ever education whose value
4895,0,99,398,67,-1,1,518,154,1,choice follow dinner crime according inside
1154,1,62,179,179,0,1,990,442,1,common act size laugh
1010,1,86,848,254,1,1,794,605,0,yes buy yet general health son
1818,0,52,560,339,-1,1,937,151,0,radio game social environment truth budget difficult
1559,0,32,48,173,-1,0,1181,810,1,lose wonder admit wide require see
1342,0,88,273,201,0,1,823,628,1,grow particularly machine tax want
2341,0,94,90,370,1,0,209,201,0,attack answer remember front show
3534,1,97,255,321,1,1,1138,685,1,discussion back case policy usually
1019,0,56,230,239,-1,1,672,33,1,near ever research development
4252,1,53,505,462,0,1,1105,39,0,member necessary beautiful save current especially
2986,1,69,595,215,0,1,402,110,1,sometimes memory social interest level
4394,1,24,871,35,0,0,4,2,1,baby share woman threat clearly example set
4322,0,35,249,258,1,1,235,8,0,make film discuss last clearly place show military
4942,0,71,485,361,1,1,1169,516,1,guy away want ok
4850,1,20,135,183,1,0,743,648,0,responsibility forward south room director land
4581,0,92,759,138,-1,1,1534,1025,1,want save message special including pressure
4980,0,50,480,182,0,0,581,569,1,staff able method
1623,1,99,325,185,0,1,527,211,1,professional simple ten
1496,0,74,490,239,1,1,1506,184,1,authority trade attack
3338,1,22,555,176,-1,0,146,71,1,culture night kitchen
2107,0,67,775,162,1,0,1218,591,1,protect key play list consumer
3426,1,61,500,109,0,1,821,583,0,support air politics skill
1197,0,79,690,487,0,1,1804,838,1,long expert case month certain item product
3661,1,68,455,217,1,0,178,88,1,boy talk note program yes never
1254,0,62,689,469,-1,1,1755,996,1,interest wall anyone
1978,0,39,720,13,0,1,630,189,0,good article reach
3753,0,32,817,128,1,1,1305,1171,0,evening already might miss
2060,1,66,854,57,0,0,114,57,1,reveal table security save
304,0,45,49,500,1,0,1608,279,1,already yard shoulder phone
2322,0,43,82,144,-1,0,44,9,1,defense bill later range send direction
4455,1,96,404,170,0,1,1715,1307,1,ask several middle rate
3884,1,83,578,350,-1,0,399,269,1,say cut send laugh mission
4612,1,31,156,159,0,1,1410,595,0,look site professor individual statement
4638,1,74,260,398,-1,0,1603,1419,1,choose million upon toward
1089,1,86,925,7,-1,0,865,609,0,song unit deal ok must fly
2852,1,96,15,464,0,0,1739,539,1,anything safe policy station accept never lead little
4894,0,64,930,162,-1,0,535,203,1,campaign fast face total
3783,0,43,852,14,0,0,338,166,1,daughter since assume another trip
2588,0,93,232,181,0,1,1493,1281,1,term wrong thus authority first
3919,0,90,918,169,1,1,1671,1098,1,place treatment window piece
4002,0,62,422,489,-1,0,1347,1218,1,pay difficult thus
2400,1,69,186,332,0,0,1176,278,1,fish animal term item congress recently
1147,1,32,931,121,1,1,1714,959,0,couple look record
2377,0,20,392,311,1,0,510,161,1,billion sure room share
209,0,86,938,73,-1,1,223,168,1,despite approach clear age theory point
883,0,64,718,465,0,0,1442,1112,0,cut federal ground eat
2685,1,48,158,162,1,0,49,11,1,despite blue design leave television
3592,0,26,377,404,-1,1,303,125,1,likely admit high born exactly probably
2811,0,65,63,261,1,1,1819,1650,1,month away third official man member
909,1,12,798,101,-1,1,141,99,1,involve somebody market term bag stage receive
373,0,36,979,309,1,1,1232,781,1,movement note court
4200,1,6,503,296,1,0,23,20,0,study song resource former dog prevent
867,1,92,176,263,1,1,437,320,1,significant structure family thousand give southern
2897,1,60,829,303,-1,1,892,183,1,begin always section purpose various
129,0,28,906,309,0,1,1366,368,1,move type ground
577,0,94,719,236,0,1,682,468,1,tonight season red court city
94,0,52,668,380,0,1,744,344,0,morning stop meeting garden pick police ability
227,1,18,985,472,1,0,83,51,1,entire officer admit vote represent
4676,0,30,326,342,1,0,543,175,0,within rather politics
2283,1,8,865,421,1,1,840,744,0,commercial probably later skill analysis
3301,0,96,783,148,1,1,104,96,0,dog hope put tend hear difference tonight agree
1661,1,76,745,402,1,1,1013,387,1,enjoy probably drop produce claim
831,0,29,919,10,0,0,135,112,1,throughout bar college true kitchen
1344,0,99,424,394,1,1,348,310,0,particular prepare account executive
1179,0,38,520,259,0,0,1739,742,1,reach firm little arrive term
1494,1,39,895,24,-1,0,288,1,1,foot actually law suggest
2809,0,90,756,131,-1,1,1589,1577,0,south fly work middle country
4581,1,52,3,34,0,1,301,268,0,national case particular blood process morning central
3141,0,50,76,98,0,1,952,549,0,stay partner doctor sport return moment happy
3735,0,68,225,244,0,0,1492,900,1,case eat truth reflect probably mouth push
4431,1,69,179,404,-1,1,1004,139,1,indicate claim ball half central foot
4563,0,57,393,41,-1,0,1280,19,0,participant market need
2758,1,72,966,325,0,0,771,479,0,strategy beat nothing
2558,1,5,407,309,0,0,968,916,1,artist true peace well north short
4699,0,20,443,28,1,1,862,738,1,wall total talk recognize civil miss nice energy
2344,1,57,422,444,0,0,1809,74,0,course boy low need
933,0,42,807,269,0,0,213,137,1,behavior site catch
4921,0,60,822,389,-1,0,704,94,1,offer several soon expect
3192,1,48,236,258,0,1,1362,1278,0,hair amount customer former involve lawyer
3776,0,74,602,284,-1,0,1724,125,1,tree hospital good
4962,1,55,427,136,0,0,1581,605,1,scientist cold want safe event behavior question
880,0,9,863,429,-1,1,929,367,1,hotel key reality method imagine dream training
3551,1,99,860,306,1,0,1598,587,1,agree education artist buy finish nice
4594,1,37,604,274,1,1,900,358,1,first approach write thank size true
582,1,43,407,314,1,0,316,37,1,eight identify mind
2692,0,22,731,419,-1,1,1276,412,1,employee cell example
3857,0,41,953,287,1,1,39,21,0,college quickly mother
2078,1,39,425,195,1,0,995,278,0,catch adult behind group provide owner month
170,1,45,971,423,0,0,217,40,1,system value raise school
257,0,49,322,132,0,1,758,158,0,leave position place baby heavy happen
3368,1,95,157,397,1,0,1010,691,0,safe somebody site design remember
4739,1,43,464,319,0,1,883,208,1,growth draw maintain per across military
461,1,60,402,144,0,0,1035,736,1,rich later laugh
1500,0,35,359,385,-1,1,1593,811,0,thus throw little inside
4727,1,34,415,70,0,1,622,55,1,fall must respond
3281,1,73,213,336,-1,1,1222,819,1,capital suggest suddenly mr safe
4960,1,29,856,368,0,0,25,5,1,argue food parent style religious
3253,1,65,612,243,0,1,1187,299,1,accept follow hospital protect everything trade food
3267,1,22,456,109,0,0,1704,1300,1,consider pick consider instead
741,0,17,30,39,0,1,1005,45,0,memory even especially evening family painting
730,1,13,966,182,0,0,978,197,1,policy worry manage fly son
825,1,48,395,479,1,1,1629,1454,0,beautiful traditional almost everything design environment
784,0,34,87,148,-1,1,272,198,1,community push receive real difficult available action
1220,1,89,300,118,-1,0,1379,896,0,month thus poor difficult day miss space
3975,0,40,682,390,1,0,789,640,1,add quality church writer
4850,1,6,620,19,1,1,859,805,1,husband happen heart travel
4341,1,98,1,32,-1,1,749,349,1,whatever save material none successful leader
1490,1,1,614,187,-1,0,1256,1150,1,simply yeah common begin ready light
1288,0,8,803,168,1,1,1256,543,0,turn past alone cut writer relationship effort serious
2284,0,27,724,126,0,1,71,19,0,ability detail shoulder ten
1109,0,91,895,422,1,1,1042,515,0,soon hit five would interview scene
2550,0,67,687,204,-1,1,1799,16,0,woman section cultural institution least
1665,1,60,862,135,0,0,1621,645,0,collection church face central traditional
4742,1,93,389,140,-1,1,417,306,0,board wide moment soon test property
2282,1,62,92,195,-1,1,905,349,1,certain value sea
1593,0,42,955,109,0,1,1217,859,1,team something meeting nothing experience matter
4898,0,79,612,382,-1,0,609,73,0,newspaper stand sing prove scientist
2236,1,92,476,153,0,0,1801,30,0,citizen several appear democrat
2702,0,44,909,358,0,0,844,199,1,machine affect child power memory appear
4029,0,71,837,447,1,0,538,474,1,wait hotel build third
918,0,79,887,498,0,0,1387,1376,1,business blue night suggest phone rather buy
4586,0,63,845,378,1,1,116,88,1,consumer peace face would figure
145,0,13,35,209,1,1,821,527,1,child argue pattern business sport thank since
3605,1,41,204,491,1,1,713,335,1,rest time measure seat usually
2970,1,78,799,446,-1,1,1647,1576,1,worry indeed newspaper little
3777,1,83,433,155,-1,0,1823,1414,1,sit energy usually whether east strategy pattern
1732,0,28,444,213,0,0,1391,560,1,everybody focus station happy may end
3502,1,98,656,425,0,1,46,19,1,theory usually kind
1521,1,10,644,226,0,1,741,634,0,mouth state go interesting street even
3859,1,99,925,214,1,1,1740,1521,1,make deal minute western
1936,1,89,723,297,1,1,1777,503,1,deep kid daughter green national writer
4077,0,59,986,211,1,1,584,415,1,late accept democratic single
4757,1,27,89,200,-1,0,1288,846,1,pick us audience quality
1904,1,20,622,457,-1,0,159,18,1,television bar agent tax
754,0,59,144,492,1,1,1773,1351,1,painting enjoy treatment set call interview
4456,1,74,832,315,1,0,190,24,0,condition poor set mission plant per action meet
4154,0,23,694,376,0,0,369,309,0,picture truth professor type ready protect
1995,1,75,244,76,1,0,480,312,0,night tough body gas seem
1218,0,78,551,232,-1,1,774,139,1,coach station western
2127,1,56,536,104,-1,0,850,17,1,foot board everybody value land forget expect
777,0,36,883,450,-1,0,1692,726,0,community husband tree
2851,1,50,204,248,0,1,556,388,1,goal anyone add lay six south mind
2341,0,23,271,482,0,0,225,132,1,possible democrat detail hear
4569,0,70,88,219,1,1,827,166,1,level tonight summer include everything
1337,0,9,381,182,-1,0,1413,257,0,certain institution keep middle
3593,1,66,228,119,0,1,49,17,0,close name long day
1679,1,6,844,312,0,1,744,690,1,deal house long wonder north
3441,1,41,560,211,-1,0,840,641,0,skin support real party price front without
4263,1,18,402,14,-1,0,203,117,0,woman machine official ahead
3343,0,21,406,178,-1,0,1512,396,1,attorney congress whatever manager cold read always
177,0,39,886,494,1,1,1526,849,0,dark collection town
2919,1,48,536,69,-1,0,498,201,0,deal nearly get probably man certain box
189,1,38,486,422,0,1,1091,632,1,young morning budget remember human source
4564,0,4,768,137,1,0,1397,345,1,decade bank collection happy operation
359,1,100,319,118,0,1,347,150,1,season field skill hospital
990,0,29,972,73,1,0,1215,36,1,partner letter collection direction range probably party
1952,1,90,874,223,1,1,250,182,1,city boy effect staff direction
3564,1,71,522,318,1,1,303,26,0,consumer girl drive make
2870,0,82,791,372,0,1,881,291,0,economy teach decision man difficult successful reflect
684,0,8,516,160,-1,0,1745,1064,1,recent bar positive smile effect
1931,0,24,961,466,1,1,646,620,1,civil product fall live
1068,0,70,353,121,1,1,704,529,0,probably last attorney opportunity job
3199,1,27,908,439,-1,0,191,160,0,stock anything relationship wonder would player scientist
2636,1,87,305,109,-1,1,1206,323,1,production baby theory simply west bring
1732,1,13,296,122,-1,0,1734,1524,0,begin west risk already mrs simply
4768,1,86,908,195,-1,1,1613,1598,1,social reach door maintain
1611,1,56,390,128,-1,0,1179,1022,1,despite receive condition
1750,1,65,554,264,-1,0,923,111,1,catch husband stop conference huge table
3265,1,14,318,280,1,0,434,115,1,almost factor
2824,0,91,853,383,0,0,1287,104,0,bit political test according feeling program
4977,1,9,859,57,-1,0,804,708,1,expect ball end standard next
542,0,23,780,480,0,0,12,10,1,social garden remain
2757,0,37,727,152,-1,1,1423,168,1,every consumer anything
3138,0,10,745,61,-1,1,1190,578,1,official college market project blood think product
936,0,91,224,403,-1,0,298,108,1,throw lawyer bar resource score memory attack
4264,0,7,388,397,-1,0,1249,1153,1,amount decide
4422,0,50,518,28,-1,0,726,573,1,table enter
4795,0,41,592,462,1,0,1276,724,1,sense least green
1266,0,43,535,390,0,0,1806,1061,1,service environmental type ten
369,0,51,610,28,0,0,1369,851,1,speech since
4728,0,65,295,278,0,1,735,597,1,majority investment
570,0,56,508,311,0,0,1475,952,0,group offer along draw
945,0,84,289,110,0,0,1028,826,1,talk son almost woman indeed development seat
2240,0,83,55,219,0,1,1767,1428,1,form stay moment close already
674,0,60,492,338,-1,0,548,368,0,fall see eat different finally community across budget
1397,0,21,276,197,1,0,22,21,1,store religious drive include
1178,1,59,56,260,0,1,1169,552,0,tonight street series method
1593,1,38,928,57,0,0,53,47,0,writer fish property western investment meeting
1963,0,80,849,410,-1,1,126,61,0,let among protect difficult cup
346,0,82,510,335,0,1,782,591,1,usually stay phone entire likely serve
22,1,42,246,464,0,0,788,406,0,stuff sort true soon
2808,0,57,667,220,-1,1,745,370,1,development week safe
32,0,5,455,309,1,1,667,446,1,without light recognize meeting game
1251,0,60,643,154,1,0,1428,115,0,force audience line music music indeed
1624,1,5,942,79,1,1,595,595,1,trade measure world interesting sit
2997,0,6,109,88,-1,0,1441,1303,1,agent seem lawyer eat several
1705,0,94,751,199,1,0,1578,137,1,goal thought raise cost compare quite
4031,0,43,752,245,1,0,1716,1232,1,hard issue charge song
626,1,95,789,123,0,1,768,260,0,try skin wish meet
3892,0,86,37,82,1,1,730,250,1,oil ability energy happen international response light beyond
3007,1,61,791,127,0,0,758,495,0,alone approach possible benefit reality skill
823,0,74,912,98,0,0,783,79,1,animal standard action different security city successful
1223,0,69,745,438,0,1,801,165,0,pm hear
1737,0,56,709,337,-1,1,1530,1059,1,choice worry partner
3077,1,44,891,134,-1,0,1628,908,1,truth dark picture open present
4063,0,34,812,240,1,0,1394,1347,0,church wait wife attack road
54,1,43,954,424,0,1,198,115,1,star instead prevent stand free
3676,0,12,778,204,0,1,862,595,0,discussion child real exactly become show
3241,0,55,229,202,0,1,637,135,1,upon recognize campaign hour place
1573,0,64,138,108,0,0,1684,299,1,game human green occur
656,0,7,152,281,1,0,1818,745,1,rest effect friend respond western oil
2346,1,85,758,198,-1,0,1663,769,1,bill wonder yard democratic
1498,0,55,33,89,-1,0,554,508,1,indicate tax cold
3400,1,46,683,245,0,0,1610,1436,1,admit away truth
2123,1,41,845,349,1,1,443,58,1,standard rise trip color carry certain mission
4704,0,22,803,354,1,1,53,23,0,send party leader increase
2937,1,15,307,94,-1,1,235,215,1,main figure poor
2926,0,88,685,98,0,0,1293,282,1,card land south investment technology
114,0,67,218,415,0,1,145,136,1,happy could evidence
3256,0,19,956,10,1,1,1427,1368,1,able nice best since various usually baby
1673,1,3,183,445,0,0,550,286,1,response onto
2338,1,41,192,74,-1,0,841,580,0,beyond long mean local
4058,1,34,129,54,0,1,1199,543,1,sound reduce cause view
1193,0,96,735,299,0,0,1737,713,0,international article government level
1081,0,56,19,373,0,0,1114,25,1,wall performance sometimes
2007,0,96,93,328,1,1,1104,713,0,feeling water conference accept live
3619,1,41,10,426,-1,1,428,93,1,idea center provide science federal
2207,0,100,663,311,-1,0,1064,724,0,occur standard sit husband among account practice
4394,1,98,797,135,-1,0,1035,305,0,product according civil manage scientist purpose
4901,0,68,273,51,1,0,933,237,0,west coach civil national
931,1,73,816,132,1,1,569,388,1,business vote long girl film performance good seat
1906,1,37,86,1,-1,0,229,28,1,media way beyond general support rest newspaper
1799,0,73,78,212,1,0,489,27,1,commercial rock brother attorney morning sound imagine traditional
1152,1,87,781,413,-1,1,1588,944,1,improve reason follow relationship
4495,0,24,269,491,1,0,411,285,1,choice cover medical
2836,0,42,706,349,0,1,1482,424,0,food point civil easy research everything
3652,1,27,776,468,1,0,590,567,1,situation range foreign claim
2378,1,71,453,334,1,0,883,833,1,image analysis reach field loss
2750,0,33,444,433,-1,1,266,37,1,city early agent oil draw
1627,0,32,618,354,0,0,621,351,1,professional office chair hand professor certainly
4319,1,79,405,147,-1,0,1225,806,1,culture price level heavy still two
2409,0,13,736,384,0,1,667,288,0,shoulder color population accept ball
4226,0,73,407,236,0,0,1752,363,0,action population listen people red worry cut
1368,1,55,877,92,0,0,1410,1096,1,always growth cause born traditional
1867,1,51,950,13,0,1,873,64,1,value operation financial amount economy
2534,1,28,402,460,0,1,1403,846,1,everything something young gun compare
4936,0,84,707,45,1,0,612,263,1,support
3808,1,49,459,284,0,0,876,81,1,find rise oil simple boy ground either street
4995,1,22,688,454,1,1,1482,337,0,present age approach mention
3565,0,4,324,371,-1,0,442,325,1,deep billion leader direction indeed huge population
1441,1,12,287,7,1,0,258,149,0,sell responsibility else offer
2636,0,86,197,209,1,0,417,194,0,tonight edge protect democratic
775,1,83,561,169,0,0,789,655,1,factor party child
3291,0,18,623,175,1,0,555,351,1,education see lot strategy skin guess
3037,0,64,52,479,-1,0,605,547,0,scene fund least money among
2267,1,80,324,169,-1,1,155,31,1,beyond case act
2043,1,42,124,12,-1,1,618,458,0,tv win goal amount site old
1417,1,63,894,318,0,1,1685,1604,1,throw bring believe ten
3254,0,64,648,99,-1,1,959,45,1,mouth identify name heart public
103,1,9,970,254,-1,0,831,214,1,agreement could sport site government feel
3981,0,65,569,284,1,1,1060,738,1,let factor push
4450,1,89,42,495,1,0,749,651,1,card teach measure support nothing benefit director exactly
4886,1,95,401,366,1,0,140,98,1,series look us nature hair
93,0,33,892,100,1,1,411,66,1,five throughout together within role
2126,0,62,720,91,-1,1,1222,1158,1,understand nation care region point conference
1868,1,91,702,144,1,0,1009,935,1,half study toward visit
4258,0,19,226,16,0,0,17,15,1,spend test style parent use mention
3247,1,89,577,9,1,0,862,793,1,story morning experience candidate watch
922,1,41,246,196,-1,0,1686,1192,1,worker defense third pull hundred
4121,0,97,766,463,0,0,559,31,1,involve produce need writer range serious
1078,1,86,615,90,1,0,382,177,0,society seven response stage partner
4980,0,55,870,329,0,0,1763,1594,1,role show bed computer despite worry region
3331,1,16,711,461,1,1,1478,1473,0,minute need black item better word
2244,1,84,338,74,1,1,668,312,1,whose avoid name
4778,1,80,818,280,1,1,714,169,0,ground tax number mention night
3330,1,34,927,271,1,1,932,351,1,whether event wife fish inside watch
2084,1,61,383,64,-1,1,110,67,0,focus look hour employee top probably
378,0,35,179,320,-1,0,691,589,1,couple stop strategy product ready ok
554,1,37,955,434,0,0,204,44,1,measure room perhaps third
555,1,56,421,46,0,0,920,812,0,show easy assume event argue response
3483,1,18,887,435,0,0,1647,1510,1,still south run system could put try
2027,1,84,961,387,1,0,832,50,0,great different husband message raise best citizen
1065,1,23,339,479,-1,0,153,33,1,according station sense back benefit
1373,1,68,839,386,1,1,510,378,1,republican yet summer
1412,1,45,12,463,-1,1,1700,1476,0,almost begin mention
3732,1,56,83,410,0,1,1143,37,1,window art record work animal
3508,1,64,79,283,-1,0,1456,952,0,per standard move win four program answer upon
1201,0,6,50,82,1,1,1605,1538,0,mind create local
662,1,48,844,31,-1,0,1477,733,0,right bag
5000,0,91,755,456,0,1,150,54,0,account wait black window produce war attack
653,1,54,769,375,1,1,988,550,0,company participant others near
486,1,13,415,290,0,1,1122,1059,1,current stage suffer toward today use occur
731,0,13,31,226,1,1,318,188,1,region suffer oil training suddenly
4649,0,41,737,389,1,0,1076,65,1,like sound two radio sell pick
1402,1,22,909,427,1,0,1360,1236,1,professor benefit go move later officer heart
4955,0,9,38,291,0,1,505,407,1,environmental learn guess turn force parent
3219,0,84,881,89,1,0,625,71,0,magazine section deal despite truth past
3570,1,100,296,327,1,1,1406,1389,1,spend like wrong project win project
4026,0,52,0,1,-1,0,890,303,1,week sit admit job
2045,1,97,755,73,0,0,665,289,1,college investment
4425,0,12,785,60,1,0,308,33,1,life degree give together almost five
3041,0,25,684,219,1,0,263,258,1,outside blue situation cultural
3240,0,2,279,206,0,1,1519,24,1,realize still choice bit military buy doctor
1822,1,32,712,402,0,1,757,394,1,practice relate similar parent start else table
618,1,9,112,17,-1,1,1283,599,1,home policy firm person
417,0,12,153,390,1,1,268,39,1,also crime account see much
1295,1,17,619,293,-1,0,382,306,1,magazine painting page never discussion ok sit
825,1,16,665,280,1,1,1126,806,1,door man foot story run human community together
3658,1,4,216,359,1,0,1783,219,1,study return political yard
2855,0,18,568,13,1,1,860,245,0,evidence play reality nice traditional american receive movie
486,1,68,242,141,0,1,1472,1067,0,write three maybe discuss image action
1827,0,91,228,152,-1,1,100,7,0,personal use sense face wind speak
3953,0,57,462,340,-1,1,1461,1330,1,west agent produce series
4202,1,15,98,59,0,0,1183,1057,1,woman light day
4536,0,77,204,271,0,0,1527,1294,0,financial arm method heart issue forget
1065,1,55,385,109,-1,1,1234,661,1,case foreign purpose item
2397,1,22,742,410,-1,0,412,191,1,station start consider matter debate alone determine
3664,0,48,584,151,-1,0,733,43,1,company budget sport investment
2656,1,32,329,115,0,1,34,32,0,chance back right
743,0,80,194,412,1,0,1102,157,1,base although difference statement test community
4119,1,41,769,448,-1,1,1732,1477,1,provide seven truth wife front
2770,0,65,798,408,-1,1,448,134,1,within none smile wall true
2441,0,44,359,86,0,0,1139,1023,1,alone amount ten avoid little continue generation foot
2663,0,45,689,354,0,0,209,194,0,various anyone environment fly
2998,1,75,418,151,1,0,1714,78,0,onto nearly fall
45,0,21,761,98,0,0,1317,378,1,let treatment senior style start
2691,1,99,173,28,1,0,902,492,1,dream professional bag research teach cost
2173,1,15,504,143,-1,1,1296,1221,0,knowledge pay keep take station realize bank
3409,0,91,842,139,-1,1,469,70,1,south five
3969,1,3,699,44,1,1,1327,809,1,politics yet recent room
4310,0,11,672,397,0,0,26,16,0,world determine toward real camera say official
100,1,17,895,205,-1,0,1257,663,0,purpose listen start describe
569,0,58,897,136,-1,0,1213,280,1,design art table financial movie court
65,0,64,211,211,0,1,1312,448,0,actually yes citizen edge follow citizen
113,0,100,797,82,0,1,520,495,1,firm decision bring particular
2434,1,28,233,59,1,0,942,486,1,behavior event quickly interest keep chance
2161,1,55,880,236,1,0,176,155,0,take glass character somebody
4112,1,68,525,476,-1,1,590,519,0,benefit morning radio expect billion
4857,0,46,992,293,0,1,815,428,0,determine get actually
4581,0,86,405,454,1,1,596,591,0,weight involve firm air thousand resource
2425,1,26,986,466,-1,1,1483,1120,0,clear next report look without
3318,0,90,151,393,-1,0,1423,455,1,project bag fire anyone attention consumer big
765,0,56,769,52,-1,0,1785,1699,1,save cold follow among could
3071,1,46,644,490,0,0,1757,851,1,strong walk commercial benefit method
2353,1,81,686,496,1,1,271,3,1,degree capital language international yeah sister
40,1,33,840,329,-1,1,1333,1190,0,teacher pretty boy fast interest reach
3255,0,91,6,163,1,1,347,276,1,instead exist practice increase resource concern college
3089,1,26,151,423,-1,0,154,54,1,second life marriage guess
2531,1,73,540,410,0,1,741,133,0,large rule movement wish truth type
3447,0,81,544,376,1,1,615,336,1,pm along gun radio best decide
2142,1,43,378,280,0,1,1562,749,1,challenge trade use tough development back
4398,0,27,55,347,-1,0,1412,1008,1,institution mention catch
3581,1,43,345,42,1,1,1628,309,1,could technology sell fill save
4308,1,61,294,23,-1,1,1759,1317,1,check describe born raise
3620,0,28,159,7,1,0,1222,578,0,option pay food east carry dark
4631,1,51,415,247,0,1,1700,123,1,argue nearly hundred people instead
2936,1,98,607,244,0,0,571,340,1,film effort professor beat theory responsibility ball
4456,1,30,561,484,0,0,1020,854,0,woman fear check address
2127,1,61,811,427,0,0,653,600,0,prevent plant head mention may
3236,0,30,673,322,0,1,1008,555,1,hot somebody accept message mention
663,0,99,819,161,-1,1,1267,692,1,information politics whole door
1247,1,100,727,56,1,1,496,276,1,visit anything together mr likely
998,0,73,508,337,1,1,959,274,1,medical rise institution think pick evidence skin
2117,1,13,345,24,0,0,1443,1350,0,mission watch particular though seem according
559,0,64,891,489,0,1,181,37,0,worry upon doctor explain partner
4650,0,61,942,354,1,0,1372,1077,0,attack much
1549,1,61,5,77,0,1,1200,675,1,turn weight almost easy present
4619,0,93,465,155,-1,1,58,53,1,word raise data back
4393,1,73,623,20,0,0,448,302,1,head approach base name late
4757,0,28,515,175,0,1,79,53,0,nation blood nation
4907,1,2,403,419,1,1,1799,470,1,budget word employee democrat push college film
3608,1,53,719,353,-1,1,1022,547,1,current people despite beyond go painting
3893,1,17,397,293,-1,0,221,67,0,wrong attack doctor day
4948,0,86,183,88,0,1,1799,171,1,political collection consumer ground data
2423,1,29,682,54,0,1,1410,1107,1,side threat wear reality kind
4198,1,42,809,242,0,1,428,341,1,sport piece student add
1047,1,75,79,194,1,0,40,35,1,stage day expect food stop player
4435,1,87,677,420,0,0,257,178,1,play heavy yeah hospital inside song
623,1,24,346,270,-1,0,990,455,1,start hundred surface business measure
4815,0,56,10,252,0,0,581,141,0,available place beyond
3180,0,56,108,126,0,0,1598,1004,1,detail hot trip
1250,1,93,151,44,-1,0,499,51,1,fund continue
150,1,27,405,455,1,0,1230,870,1,computer listen machine southern
788,0,69,772,69,1,0,1029,902,1,push record fund
1993,0,33,20,119,0,0,1227,382,1,still person grow sport cold
2222,0,19,650,269,1,0,248,142,0,charge bad mrs
1441,1,27,902,405,-1,0,711,649,1,stock set attorney treatment east
2445,1,81,960,497,1,1,1649,1155,1,protect public environment cultural
4791,1,53,936,247,-1,1,1178,317,1,week human experience happen dark could technology
2202,1,69,947,262,0,1,1578,1191,1,specific artist occur forward
1885,1,14,595,164,-1,1,1451,928,1,always call choose suffer prepare summer
1642,0,22,37,103,1,1,1399,644,1,republican resource respond keep
3213,1,98,462,183,-1,0,368,143,1,field glass best point build
4401,1,36,65,394,1,1,271,116,0,management hear back
3673,0,8,832,365,1,0,952,631,1,establish animal series among
4181,0,31,666,378,0,0,1694,590,0,radio wonder actually machine
2993,1,47,422,219,0,1,272,58,0,bar practice fast
412,1,90,288,345,0,1,432,94,0,recognize phone teacher suggest recent could back beyond
3141,1,58,320,23,0,1,195,31,1,game whose final try
86,1,37,968,181,0,1,711,463,1,say daughter pattern become
765,0,9,899,338,0,0,1549,1012,1,future agent early alone rock long executive
4588,0,18,36,14,1,0,1780,24,1,almost get social garden hear majority kind
83,1,47,343,263,1,0,1305,146,1,mission guy
4704,0,75,656,251,1,1,1793,720,1,radio determine college
1042,0,91,579,162,-1,1,1011,84,1,low week house seem challenge direction
3359,0,70,297,458,1,1,1342,256,1,tree fall everyone major friend two
4349,0,27,523,480,0,0,1076,910,0,mouth garden term dark common example share
3417,0,79,460,301,0,0,556,251,0,sport day reflect number understand
896,1,6,451,223,0,0,34,32,0,scene coach serious everyone computer positive
2094,0,33,582,48,1,0,1748,1333,0,democratic adult mrs indicate could reason
1715,1,90,823,415,-1,0,1511,1036,1,tough stop peace
296,1,27,818,278,-1,0,844,51,1,expect whole race believe
457,1,12,358,71,-1,1,143,113,1,standard book pull arm color probably yet
29,0,79,269,228,-1,0,1500,1348,0,sell world discuss base
3383,1,91,719,251,1,0,1542,326,0,receive wait agency something evening guess today draw
3196,0,22,138,273,-1,1,463,285,0,sit customer company attorney attention fight paper worker
487,0,3,541,281,-1,1,447,66,1,despite film theory game determine focus
4735,0,45,367,163,0,0,1429,861,1,second attorney sense whatever body benefit officer
1804,0,93,815,299,0,1,1548,990,1,model state television
4363,0,53,637,176,-1,0,768,508,1,concern bar medical realize
702,1,91,149,163,0,0,613,79,0,majority film memory
3413,0,96,58,322,1,0,660,233,1,including agent expect brother
1369,0,73,385,133,0,1,621,355,1,glass force factor write
4966,0,65,561,90,-1,0,174,23,0,get century reality director hope
1750,1,67,345,489,1,0,1702,707,1,final strong growth much
4656,1,41,904,435,0,0,1378,1289,1,similar continue nature able
1384,0,95,445,42,1,0,1309,1020,1,type let series account
1055,1,47,485,464,0,0,1560,600,0,attention boy reach
3021,0,67,699,176,-1,0,472,22,1,manage similar family
4394,0,31,725,365,1,0,309,200,1,know executive dinner language
393,1,85,361,269,-1,0,1353,526,1,set every letter situation western
4803,1,55,250,228,-1,0,530,377,1,sure policy ball main anything scene fire
4551,1,64,278,385,0,1,1298,403,1,partner western law join
1740,0,48,351,13,-1,1,1156,321,1,nearly hear wait scientist message maybe
2573,1,55,168,222,0,1,792,668,0,sign whose treatment chance
4778,1,7,163,102,0,0,498,191,1,well member notice heavy skin card instead
2382,0,67,985,19,1,0,142,25,0,week boy treatment professor
4074,1,83,407,395,-1,1,67,1,1,land relate enter like tend table
2045,1,47,90,118,1,0,46,18,1,start population anything speak
58,0,51,566,133,1,0,111,54,0,choice source ready
1522,1,44,147,151,-1,0,1731,1263,0,data discussion life science
2541,0,22,41,472,-1,0,1038,571,1,chance recently lay section believe address
2569,1,82,492,175,1,0,572,512,1,give method per suffer fire
833,1,1,372,16,1,0,1740,1696,1,buy reality administration rise
3002,0,63,17,488,0,1,81,30,0,debate conference total white happy
2507,0,30,600,25,-1,1,118,23,0,respond leg industry discussion
752,0,12,756,84,0,0,70,50,1,remain travel question success relationship fight good method
1846,0,86,672,111,0,0,959,690,0,establish buy shake true per determine
3646,0,97,317,21,0,0,589,132,0,buy trade protect month huge
1124,1,91,102,51,0,0,1728,766,1,return case national meeting college
2559,0,6,801,120,-1,0,1223,285,0,environment degree college pressure shake
1976,1,31,425,151,-1,1,320,134,0,involve season hotel
132,1,66,969,167,1,0,884,362,0,main letter per discover reduce
2990,1,84,947,315,-1,0,1189,131,1,range wife strategy focus could positive
1687,0,39,692,118,0,0,936,592,1,support beyond institution increase mrs hour
4817,1,77,285,152,0,1,229,40,1,decide government certain degree mention recognize
2015,1,49,606,416,-1,1,57,12,1,federal box must building
3747,1,96,683,317,1,1,1189,1171,1,toward high case maintain fast heart service
4928,0,23,509,323,1,0,1506,1151,0,spend growth arrive education
3358,0,72,75,419,0,0,125,27,1,south director knowledge send toward
2219,1,84,878,452,0,1,1235,1024,0,cut consumer national almost
4592,0,70,202,458,0,1,756,74,1,necessary end store reach current friend
1345,1,56,92,236,0,1,412,330,1,trouble interesting position list speak
1498,0,32,494,335,-1,1,1655,607,1,finally feeling child store suddenly
1664,0,81,922,360,0,1,862,706,1,artist enough cultural
1007,1,93,116,443,0,0,1193,1000,0,pm evening begin note professional buy
2661,0,22,197,335,-1,0,312,161,0,job live agent region college
3385,1,8,832,447,-1,0,192,62,1,add detail explain book particular
1737,0,70,838,349,0,0,673,448,1,information onto unit control window whatever
4374,0,21,148,322,-1,1,1214,830,0,drive expect special throw edge college
4921,1,25,310,490,1,1,1357,1006,1,strong everyone fly suddenly show concern family
3503,1,27,266,291,1,1,852,770,1,character score paper civil former
702,0,30,325,487,-1,0,72,41,1,medical say manage
3002,1,48,689,467,-1,0,1244,514,0,poor writer partner prove pay space individual
2042,0,27,119,197,1,1,1170,769,1,cell evening however man
4134,0,26,933,129,1,1,1074,1034,1,quality go plan
4867,0,39,278,61,-1,0,1102,1021,0,million popular bit
4139,1,35,64,354,0,1,1556,1432,1,experience field later thought commercial truth
3483,0,55,425,43,0,0,1289,119,0,democrat stuff outside
162,0,37,13,316,0,1,259,33,1,agent model candidate
3,0,3,74,110,1,0,1413,336,1,reduce fish significant note white
2175,1,21,538,498,1,1,447,277,1,wind become state onto professor perhaps
4512,0,49,959,122,-1,0,1538,1412,0,seek dinner woman enjoy control
601,1,56,230,332,-1,0,1053,421,1,seven almost pressure put
171,1,62,707,114,1,0,665,321,1,behind rate time field pressure win whose
2763,0,56,502,475,0,0,1028,46,1,region budget employee official record without
2554,1,52,517,224,-1,1,1327,398,1,bill identify generation could
219,1,14,541,77,-1,1,868,540,1,news kitchen arm raise
4680,1,49,31,493,1,1,1718,911,0,indeed parent tax
2500,1,39,142,119,0,0,561,337,1,result western middle
806,1,71,1,137,1,0,332,312,0,customer hundred look form
1650,0,72,197,8,1,0,614,464,1,start hotel force others discuss security
3301,0,99,145,457,0,0,216,110,1,low official stop finish base anyone
1847,0,94,316,326,0,1,129,56,0,student popular employee today model nearly
2997,1,69,972,325,0,0,522,376,1,industry world character recently
2844,0,61,561,173,0,0,272,128,1,north theory child although ability eight
1929,0,74,720,413,1,1,631,350,1,third large particularly
2184,0,81,216,467,1,0,966,375,0,else plan race less help
8,0,50,499,30,1,1,598,80,0,industry thank american beautiful tax right use daughter
2779,0,91,85,205,1,0,685,288,1,art employee event ground author summer
1941,1,64,391,81,0,0,21,15,1,crime community call fight positive
2607,0,9,984,392,-1,1,1209,428,1,successful car bill crime safe
2458,1,38,518,357,1,1,803,186,1,cover likely music visit
2726,1,67,114,212,0,1,827,45,1,pretty tough dog like
1066,0,17,671,278,1,1,1429,1170,0,common guy dog leg natural
3877,1,38,768,105,0,1,1054,186,1,loss congress hear image
4755,0,65,827,219,-1,1,1418,1122,1,glass really process film national top
1721,0,43,359,239,1,0,1149,37,1,call late citizen also need recent
3949,1,29,96,423,-1,0,1400,1033,1,alone actually
1079,1,23,279,208,1,1,809,136,1,especially huge somebody rather rock responsibility
849,0,96,191,82,-1,1,921,132,0,individual day bed people
3084,1,88,423,343,0,0,1560,1070,1,store forward edge everybody fund market enter
3594,0,18,191,209,1,1,272,249,1,control reach family remember lawyer since show
1071,0,7,218,395,0,1,696,114,1,human everybody tree event
4071,0,56,133,262,1,0,1217,1038,1,need really rise
1660,1,5,392,315,-1,0,82,36,1,brother matter explain issue
3367,0,94,373,181,-1,0,63,27,1,dream concern red area often record
855,0,47,941,463,-1,1,1230,1074,1,market admit face perform play
2080,1,87,415,248,1,0,1539,839,1,seat performance health visit station piece
1614,0,76,230,412,0,0,627,80,1,news argue answer suffer apply
2159,0,83,906,468,0,1,986,577,1,across left natural give deep
4132,1,23,532,455,-1,1,814,397,0,send mrs onto final push animal house
3311,1,71,881,341,0,0,1429,670,1,prove grow yes bring
4997,0,81,175,264,-1,0,379,29,1,serious simply part skin character answer
3683,1,77,190,455,1,0,1803,24,1,simple economic seven central
915,0,22,753,303,0,0,1095,265,1,similar structure majority daughter final nothing could
4765,1,14,43,370,-1,1,1287,1022,1,democratic grow
3042,0,39,458,415,-1,0,1263,295,1,measure official article thing charge
4974,1,47,416,482,-1,0,204,89,1,agency live control
339,0,12,547,282,-1,0,387,288,1,simply try entire sell standard art enjoy skin
830,1,25,423,151,-1,0,1339,900,1,black civil true magazine concern
387,0,63,414,469,0,1,1594,885,1,way foreign
336,1,60,642,327,0,0,468,173,0,school huge name current really section
3098,1,67,292,499,1,1,1680,1320,1,positive thing stock available wonder soon
1137,1,69,843,44,-1,0,1263,644,0,road increase sea perhaps particularly may establish
1632,0,32,421,237,0,0,1476,581,1,response like international commercial foot heart
108,0,60,543,25,0,1,573,272,0,program control example reflect fast ten often
1286,0,2,571,264,1,0,562,525,1,democrat year conference
2024,1,86,322,16,-1,1,208,151,0,wrong wear reduce understand
4040,1,36,842,191,-1,1,642,71,1,drop budget affect stage modern source less
3585,1,52,163,369,-1,0,668,96,0,return account seem six surface material
3474,0,18,469,362,0,1,473,206,0,show total home nice
2132,1,28,464,48,-1,0,267,40,1,government professor movie boy second simple force
1614,0,95,452,265,-1,1,1665,1338,1,also garden alone account miss picture evening
3087,1,80,720,330,0,0,875,546,0,explain door usually player record seven
777,1,42,302,64,-1,1,903,666,1,thank lead artist stuff within degree become
557,1,95,806,9,0,1,1058,1040,0,instead case grow cell
4496,1,36,665,496,0,0,1518,23,1,throw rock smile vote though low offer
290,1,5,935,440,0,1,127,12,1,benefit senior character bag
2724,1,6,686,392,0,1,1782,1319,0,including religious sea forget west
1745,1,67,438,30,0,1,1349,905,1,although direction reach
93,1,43,335,37,0,0,786,427,1,like view budget walk onto
1517,1,61,793,314,-1,0,870,158,1,head necessary floor six
4730,0,20,917,31,1,0,370,5,1,writer reality result establish tell speech
3383,0,59,269,72,1,1,696,90,1,answer question budget necessary
3753,1,6,734,415,1,1,304,69,1,guy plan significant worker answer act
4934,0,81,299,214,-1,0,550,514,1,peace include smile attack find offer
115,0,8,279,71,1,0,1177,686,1,dream whole natural
3072,1,16,11,70,0,1,1509,917,0,traditional bill young evening two
2577,0,49,536,475,-1,1,635,178,1,person education agency four particularly establish true
840,1,19,722,191,1,0,331,226,1,man executive audience nice
3254,1,94,594,48,0,1,841,452,0,could health inside computer soldier newspaper
4963,1,93,724,452,-1,0,1446,1025,1,soldier laugh catch work
4517,1,96,840,334,1,0,217,206,1,audience shake top authority
1863,0,28,97,128,1,1,601,582,0,small senior daughter
571,0,45,80,302,1,1,96,34,1,likely industry
2380,0,32,885,454,0,0,653,346,1,fact create age
4776,0,86,903,93,-1,0,1540,875,1,project check serious well
4797,1,32,237,408,-1,0,1477,808,0,make finally another
1639,0,84,178,499,-1,1,543,424,1,oil community answer tax war develop thank southern
4558,0,19,382,479,0,0,134,132,0,relationship thing various worry try dark
979,1,40,888,78,1,1,999,46,1,discuss scientist wear number
3826,1,63,827,165,0,0,1786,1542,1,oil nice performance better
2808,0,58,297,324,0,1,897,740,0,floor message indeed audience
3642,1,100,996,271,1,1,987,636,1,investment build skin sense happy
2259,0,40,341,118,1,0,627,8,1,ten enjoy throw citizen available arm
1802,0,83,406,194,0,0,417,362,1,central religious discover sort energy art
496,1,45,892,378,-1,0,412,396,1,newspaper defense purpose record along
2881,0,8,791,379,1,0,1548,274,1,majority player significant example center building think two
3841,0,45,943,2,-1,0,177,14,1,common court capital week forward
1908,1,22,752,41,1,1,1611,1180,1,dinner recently agency take someone green letter
4998,1,21,428,445,0,0,1262,685,1,player traditional tax teach minute sell
1037,1,58,532,204,1,1,911,128,0,team sense car
337,0,47,356,206,-1,1,1621,1271,1,candidate company age notice
3933,0,23,420,493,-1,1,830,415,1,represent group look simple
4454,0,67,599,192,0,1,386,338,1,away collection toward
3312,0,22,396,29,-1,1,259,113,1,clearly partner college long
2124,0,34,16,469,0,1,723,692,1,must color reason tax
2618,0,47,128,332,0,0,1700,146,1,gas reason society
767,1,15,247,98,0,1,903,551,0,able growth
2548,0,12,603,319,-1,1,1090,309,1,factor history sure computer industry
4558,1,83,168,321,0,1,72,51,0,board role reach soldier history
3896,0,96,680,121,0,0,428,243,0,include increase air girl soon major
1384,0,83,799,356,0,0,1672,798,1,specific program wide leave rich
4308,1,51,310,95,-1,1,1284,483,1,daughter second low admit
2471,0,9,93,256,0,0,167,139,1,note sing story thousand college
3735,1,10,413,312,1,0,589,131,0,wrong firm group view congress open
1618,0,45,690,436,0,0,1756,1618,0,allow law heart guy
784,0,63,843,411,0,0,152,30,0,back one manage student ball fast president
1731,0,79,897,365,-1,0,741,668,0,magazine gun common writer
1796,1,32,288,126,0,1,834,587,1,five bed standard rich
3635,0,97,434,287,1,1,789,218,1,ability door join exactly
4852,1,18,0,103,1,1,1551,1073,1,candidate size point
833,0,60,173,170,1,0,1182,801,1,would discuss option sell
921,0,89,820,215,-1,0,651,388,0,throw must several
4857,1,52,752,160,0,1,691,356,0,discuss well friend response
4737,1,53,706,234,0,0,134,89,1,goal close relate
3238,1,26,996,0,1,0,802,40,1,matter go event sign
3031,0,94,947,198,-1,1,464,322,1,year physical much decision training seat
3807,0,39,859,26,1,0,1224,672,1,six line provide others speak compare level
3382,0,69,226,204,-1,1,796,274,0,relationship success play billion fill
554,0,67,105,257,-1,1,1066,597,1,sort pass start organization age skill identify
411,1,3,813,55,0,0,599,106,1,threat along party scientist family
4187,0,5,841,14,-1,0,1202,569,1,respond american significant
1774,1,73,505,473,0,1,1577,642,0,join seat weight either fast clearly
4750,0,41,713,162,0,0,1101,983,1,worry customer man throw
4098,1,49,127,379,-1,0,1051,691,0,study look indeed prove young cut
4777,1,52,865,492,1,1,1218,841,1,report hope design charge professional talk task
4046,0,67,503,388,1,0,221,14,1,central likely compare society movie training eye
4464,1,75,91,89,-1,1,1289,336,1,member board seat
115,1,99,492,454,-1,0,1251,174,1,tax form apply party agree
1623,1,52,193,42,1,0,1321,580,1,wall able mission fight
121,0,7,320,495,0,0,416,199,0,happen age
2263,0,86,987,357,1,1,658,596,1,food ok executive whatever hope wear
2738,0,34,28,102,-1,1,976,732,1,education two ever whether
4609,0,25,498,415,0,0,2,1,1,practice paper keep yes real
446,1,53,522,246,0,1,1734,1472,0,mission sort dinner course
2567,0,40,487,173,-1,1,1229,367,1,congress pressure participant condition cost
3972,1,72,47,408,-1,1,475,272,1,protect attack candidate store force issue situation
4006,0,99,561,118,-1,1,677,646,0,involve represent kid exactly common
1113,1,4,604,176,-1,1,171,141,1,reflect low husband analysis send point
2768,1,12,840,312,0,1,636,410,0,sit industry road notice
3607,0,11,140,255,1,0,1363,857,0,best simply finish democratic minute pressure arrive
1269,1,84,157,75,0,0,1696,1111,0,mind seat standard glass
1664,0,87,340,171,1,1,1294,400,0,find nothing north
805,1,23,562,470,1,0,1324,944,0,rich hand health list
3225,0,89,27,138,-1,1,1457,1043,1,professor great fact
337,0,64,844,142,-1,0,1759,1628,0,west fish occur bag effort daughter increase edge
1947,1,15,260,11,1,0,238,219,1,term professional happy condition manage memory blue
2577,1,61,865,492,1,0,1609,234,1,task direction take simply city family
3397,1,45,26,86,-1,1,1289,711,1,data recently explain first
3827,0,80,928,381,1,1,526,101,1,collection job reason room
2904,1,39,81,422,0,0,1316,763,0,cost person red affect republican
4533,0,20,463,21,0,0,167,42,0,continue animal back
4112,0,7,178,37,0,1,680,84,0,according agent debate partner
3243,0,30,967,60,-1,0,330,42,0,live close author cut see animal
105,1,75,350,288,0,0,727,428,1,reduce black something carry detail
1228,0,42,422,20,-1,1,123,91,0,test describe always mention section
1342,1,8,93,96,-1,0,878,519,1,production investment north
3800,1,45,336,67,1,1,371,346,1,identify pick discuss lawyer activity question
1101,0,14,368,421,-1,1,823,207,1,work across theory receive
3335,0,49,532,103,-1,0,393,133,1,space begin including true current
654,1,28,373,407,-1,1,1409,246,1,social situation computer leg
4242,0,70,128,75,1,1,673,594,1,key take eye woman south serious policy
2925,1,57,727,451,-1,1,1579,58,1,factor cultural experience political already officer
129,0,97,131,239,1,1,1149,529,0,reality research road
4533,0,92,512,124,0,1,1683,169,1,police weight second last
4523,1,57,33,96,1,1,863,641,0,bed protect town
1041,0,9,324,286,-1,0,1661,1630,1,price top despite
2030,1,81,780,368,-1,1,242,2,0,sister step market another military
350,0,14,340,375,0,1,279,101,1,society important person ten
754,0,74,95,11,0,1,110,104,1,area major maybe
564,0,48,780,495,0,1,1715,640,1,specific mr though
4103,1,45,391,158,-1,0,123,34,0,modern enjoy method stage
4612,1,91,171,409,-1,0,1194,264,0,minute put community
1660,1,94,604,177,-1,1,1263,1076,1,cost manage assume term assume
2276,1,69,421,408,1,1,1475,834,1,network number everything certain
111,0,14,897,28,0,1,451,123,0,police machine worry pm research significant direction
3802,0,1,498,465,1,1,909,727,0,occur provide eight
1512,1,36,920,405,0,0,796,630,1,player possible pick agency
4139,0,73,556,102,0,0,248,67,1,picture particularly oil size create whose
1978,1,1,470,481,1,1,1332,1186,1,contain pay much role
3891,0,41,31,236,1,0,1449,1062,1,agreement main enjoy
123,0,13,753,188,1,1,695,433,1,sell among force control
4996,0,34,705,26,-1,0,612,174,1,teacher center
3324,1,84,632,215,1,0,227,187,0,move republican art bad
4015,0,76,913,409,-1,0,478,85,0,great explain mr couple difficult produce always appear
2822,0,71,765,472,0,1,1800,704,1,perform agree century mean bit
3383,1,52,102,451,1,1,1284,726,1,area total bit trial
1600,1,19,314,476,1,0,220,202,1,support exactly someone north
4094,1,44,251,31,0,0,423,31,1,yes ago contain skill design first
707,0,54,224,184,-1,1,526,118,1,one exactly particularly dinner cover
1315,1,62,253,114,1,1,1790,239,0,away probably participant arm
3229,1,52,912,347,1,0,37,8,1,sound production certainly
3033,0,19,908,94,1,1,1719,1541,1,several ask forward consumer program
4835,1,59,338,309,1,0,592,293,0,record talk station similar trade decision artist
1723,0,4,63,279,0,0,173,77,1,mouth position maintain
581,0,75,635,199,0,0,82,81,1,term away
2327,1,33,309,376,-1,0,1420,1053,1,century common stop bad decide
3137,0,8,26,249,0,0,1126,476,0,season production box
1947,1,99,454,157,-1,1,106,61,1,marriage either son
2824,0,58,441,215,-1,0,1678,865,1,serve present wife every free option
3655,0,59,223,270,0,1,615,61,0,despite case economy state thousand bed factor
4114,1,32,565,64,-1,0,457,362,1,material major executive question partner
4863,0,65,565,142,-1,1,1266,426,1,risk conference whole green west join
3359,0,77,205,21,1,0,1786,599,0,follow anything debate thought
1506,0,45,591,96,0,0,664,423,1,building big set collection charge let
4978,0,93,843,27,1,0,1717,464,1,benefit view federal
1163,0,53,522,313,0,0,271,169,0,interesting away mission possible goal organization yeah
3425,0,29,454,49,0,0,1306,621,0,common work american
780,0,33,928,472,0,0,761,159,1,pressure technology might citizen
4474,1,24,122,86,1,1,1377,734,1,agreement allow movement
2422,0,31,978,302,-1,1,795,369,1,yeah avoid summer court
3836,0,91,408,200,1,0,429,228,1,forget policy mean
3821,1,71,835,101,1,0,945,79,1,several exactly
2866,1,55,756,126,-1,1,1109,53,1,stuff affect movie
1445,1,48,364,477,0,0,865,394,0,administration work high wear social car
1852,0,9,198,239,1,0,677,476,1,staff data
781,1,31,332,476,-1,0,1675,606,1,fall race project sing
2587,0,49,847,315,0,1,16,14,1,possible person feel rule analysis support
2484,0,13,622,372,-1,1,1353,1350,1,none owner rate million room
387,1,22,40,98,-1,0,1048,55,0,everyone art type
2737,1,18,798,304,-1,1,694,186,1,score doctor standard
905,1,95,620,497,-1,0,1780,1226,0,support study bank time box church
2696,0,27,963,303,1,0,324,227,0,opportunity letter age
648,1,58,632,350,0,0,1268,921,1,record
760,1,9,177,59,1,1,1425,436,1,onto say group
3465,0,44,795,312,0,1,873,448,1,minute would plan
4003,1,80,803,404,-1,0,1276,100,1,everyone little cut cold federal
3125,1,93,287,457,0,1,686,249,1,something society speech good laugh
2979,1,65,515,470,-1,1,1304,351,1,cover grow senior agree game anyone
3190,0,14,292,265,-1,1,406,347,1,police work save professional usually protect use
409,0,20,8,204,0,0,1062,866,1,partner really decision drug much tough
51,1,24,246,477,0,0,642,145,1,wonder actually act hospital write agent
2148,0,66,94,459,-1,1,88,72,1,box international foreign billion rise network bank gun
1282,1,88,798,118,-1,1,610,393,0,black according window arm economic
1235,1,26,829,53,-1,0,1229,135,1,current future tree red letter
2820,0,91,522,489,0,1,943,273,1,threat family peace wear newspaper
4591,1,6,888,355,-1,1,1207,494,1,debate around attorney save right possible
2620,1,32,450,197,0,0,112,96,1,life begin fight letter
1852,1,76,522,223,0,0,123,25,0,tonight participant small sea team
4385,1,69,357,76,-1,0,1415,402,0,pull explain collection even memory
4193,1,43,217,268,0,0,1474,1103,1,authority others floor suggest central
478,0,66,765,212,1,1,1490,1188,1,view relationship take want create
3980,0,46,216,221,-1,1,1344,476,1,republican collection hold sea western
4513,1,98,883,478,1,0,617,338,1,head remain build next great hotel
4218,1,13,798,392,-1,0,940,416,0,save current something
4383,0,68,404,366,1,1,1028,174,1,play sound institution market type
2535,0,44,319,408,0,1,1819,1073,0,natural lay inside around campaign
2647,1,2,301,10,0,0,1353,1128,1,prevent us yes order space space
1813,1,30,236,479,-1,1,299,48,1,save raise order
2538,0,22,731,370,-1,0,286,34,0,including soldier challenge
2785,1,50,727,152,-1,0,1669,519,0,plant figure try rise
1991,1,24,941,132,-1,1,511,188,0,matter born computer resource leave child ask
1071,1,100,591,291,0,0,572,154,1,notice might west away nature civil nation
4198,1,21,488,192,1,1,352,325,1,word attack though arm
3360,1,98,49,114,-1,0,349,56,1,address cost door either early control include
507,0,37,335,45,0,0,1808,94,1,listen trial artist interview rock enough
2725,1,58,934,209,-1,0,242,92,1,beat break pick thus note activity
3534,0,64,891,63,1,0,1724,583,1,line war star owner response forget player
2872,0,74,860,311,1,0,1512,204,1,response minute well effort station
462,0,35,720,374,-1,1,1038,693,1,finally best name level
40,1,51,891,124,-1,1,27,7,0,important show attention test state beyond anything
1875,0,35,582,254,-1,1,462,408,1,newspaper particular run opportunity represent
4118,1,94,556,457,-1,1,151,81,1,mind box involve pm boy law
894,1,1,551,190,-1,0,1423,1288,0,final method put
517,1,8,870,444,0,1,773,718,0,friend work citizen
680,1,77,419,85,-1,0,1231,1125,0,least stop
4847,0,100,40,421,1,0,1808,420,1,everybody use
3922,1,58,628,483,1,0,995,727,1,range give someone bar forward
2519,1,71,63,379,0,0,774,591,1,soon stand board mission fight executive
